{
  "swagger": "2.0",
  "info": {
    "version": "1.0.0",
    "title": "Keep Notes application by Stack Route",
    "description": "Keep Notes application by Stack Route",
    "license": {
      "name": "(c)",
      "url": "https://stackroute.com"
    }
  },
  "host": "localhost:3000",
  "basePath": "/api/v1",
  "tags": [
    {
      "name": "Users",
      "description": "API for managing users in the system"
    },
    {
      "name": "Notes",
      "description": "API for managing user notes in the system"
    }
  ],
  "schemes": [
    "http"
  ],
  "consumes": [
    "application/json"
  ],
  "produces": [
    "application/json"
  ],
  "paths": {
    "/users/register": {
      "post": {
        "tags": [
          "Users"
        ],
        "description": "Register a new user in system",
        "parameters": [
          {
            "name": "username",
            "in": "body",
            "description": "username to be used",
            "schema": {
              "$ref": "#/definitions/User"
            }
          }
        ],
        "produces": [
          "application/json"
        ],
        "responses": {
          "201": {
            "name": "userInfo",
            "description": "the registered user",
            "in": "body"
          },
          "400": {
            "name": "message",
            "description": "username is already exist",
            "in": "body"
          }
        }
      }
    },
    "/users/login": {
      "post": {
        "tags": [
          "Users"
        ],
        "description": "Login user into system",
        "parameters": [
          {
            "name": "user",
            "in": "body",
            "description": "username to be used",
            "schema": {
              "$ref": "#/definitions/User"
            }
          }
        ],
        "produces": [
          "application/json"
        ],
        "responses": {
          "200": [
            {
              "name": "user",
              "description": "the registered user",
              "in": "body"
            },
            {
              "name": "token",
              "in": "body",
              "description": "the authentication token to be used"
            }
          ],
          "400": {
            "name": "message",
            "description": "You are not registered user",
            "in": "body"
          },
          "401": {
            "name": "message",
            "description": "Password is incorrect",
            "in": "body"
          }
        }
      }
    },
    "/notes": {
      "post": {
        "tags": [
          "Notes"
        ],
        "description": "Creates a note for the user",
        "parameters": [
          {
            "name": "userId",
            "in": "query",
            "description": "userId to be used"
          }
        ],
        "produces": [
          "application/json"
        ],
        "responses": {
          "201": {
            "name": "note",
            "description": "the saved note",
            "in": "body"
          },
          "401": {
            "name": "message",
            "description": "Authentication required",
            "in": "body"
          }
        }
      },
      "get": {
        "tags": [
          "Notes"
        ],
        "description": "List all notes created by the user",
        "headers": [{
          "name": "Authentication",
          "description": "Bearer token"
        }],
        "parameters": [
          {
            "name": "userId",
            "in": "query",
            "description": "userId to be used"
          }
        ],
        "produces": [
          "application/json"
        ],
        "responses": {
          "200": {
            "name": "notes",
            "description": "the saved notes",
            "in": "body"
          },
          "401": {
            "name": "message",
            "description": "Authentication required",
            "in": "body"
          }
        }
      }
    },
    "/notes/{noteId}": {
      "post": {
        "tags": [
          "Notes"
        ],
        "description": "Updates a note for the user by NoteID",
        "parameters": [
          {
            "name": "userId",
            "in": "query",
            "description": "userId to be used"
          },
          {
            "name": "noteId",
            "in": "path",
            "description": "noteId to be used"
          }
        ],
        "produces": [
          "application/json"
        ],
        "responses": {
          "200": {
            "name": "note",
            "description": "the updated note",
            "in": "body"
          },
          "401": {
            "name": "message",
            "description": "Authentication required",
            "in": "body"
          }
        }
      }
    }
  },
  "definitions": {
    "User": {
      "required": [
        "username",
        "password"
      ],
      "properties": {
        "username": {
          "type": "string",
          "uniqueItems": true
        },
        "password": {
          "type": "string"
        }
      }
    },
    "Note": {
      "required": [
        "noteId"
      ],
      "properties": {
        "noteId": {
          "type": "string",
          "uniqueItems": true
        },
        "title": {
          "type": "string"
        },
        "state": {
          "type": "string"
        },
        "userId": {
          "type": "string"
        },
        "createdOn": {
          "type": "string"
        },
        "modifiedOn": {
          "type": "string"
        },
        "text": {
          "type": "string"
        }
      }
    }
  }
}