{"players":[{"id":5390,"name":"Adam Gilchrist"},{"id":35263,"name":"Virender Sehwag"},{"id":28081,"name":"MS Dhoni"},{"id":36084,"name":"Yuvraj Singh"},{"id":28114,"name":"Rahul Dravid"},{"id":35320,"name":"Sachin Tendulkar"},{"id":8180,"name":"Shane Watson"},{"id":35565,"name":"Manoj Tiwary"},{"id":26421,"name":"Ravichandran Ashwin"},{"id":739603,"name":"Aaron Thomason"},{"id":5334,"name":"Aaron Finch"},{"id":44936,"name":"AB de Villiers"},{"id":8119,"name":"Adam Voges"},{"id":4890,"name":"Adam Dale"},{"id":16932,"name":"Dimitri Mascarenhas"},{"id":277916,"name":"Ajinkya Rahane"},{"id":418615,"name":"Jimmy Hansra"},{"id":33141,"name":"Ambati Rayudu"},{"id":48684,"name":"Manoj Deshapriya"},{"id":51488,"name":"Anderson Cummins"},{"id":44102,"name":"Andre Botha"},{"id":210279,"name":"Andrew Poynter"},{"id":12856,"name":"Andrew Flintoff"},{"id":46797,"name":"Andrew Puttick"},{"id":458895,"name":"Andrew Salter"},{"id":45396,"name":"Andrew Hall"},{"id":459508,"name":"Andrew Tye"},{"id":4146,"name":"Andy Bichel"},{"id":20387,"name":"Andrew Strauss"},{"id":36993,"name":"Andrew Ellis"},{"id":275654,"name":"Andrew Mansale"},{"id":30176,"name":"Anil Kumble"},{"id":1070038,"name":"Kasun de Silva"},{"id":7133,"name":"Ricky Ponting"},{"id":6278,"name":"Brett Lee"},{"id":5616,"name":"Matthew Hayden"},{"id":34102,"name":"Rohit Sharma"},{"id":28235,"name":"Shikhar Dhawan"},{"id":625371,"name":"Hardik Pandya"}]}